Latitude,Longitude,GHI,DNI,Shading_Coefficient,Daily_Energy_Demand_kWh,Solar_Energy_Output_kWh,Optimal_Building_Orientation
23.109168592750446,72.74856561367633,823.4330906741021,546.2504447218918,0.8601993181812019,327.6976749928953,477.18952562537675,55
23.008518419061655,72.66908119768355,490.12500948007096,155.91765752986208,0.4881715357069132,432.4816987264424,639.3693583057498,56
23.190405529311686,72.71867255887655,997.4641185126553,478.1580626296072,0.4411364368447316,138.31057251777452,562.3370696937743,290
22.85022008590506,72.500187159517,603.1533564519419,188.95276653749278,0.9235546592655002,106.4974054543147,359.36607336357656,113
22.806779065955833,72.6499496398428,389.04593737235814,258.98229733627727,0.32605234079356116,483.56597636344736,105.8179220107395,307
23.108063284702837,72.6286983932575,298.1001933142778,214.03235024268741,0.8597910927575287,98.6200517193832,546.6152997107325,340
23.122862214945954,72.7331321507153,415.4684808575456,187.12833490161282,0.5356185152584637,265.3209815482351,357.06338970601877,197
22.848082891648232,72.7624348241925,435.27994638359576,669.2832136705002,0.5626858982961338,313.5036779569858,761.1474706394815,320
22.90623313318344,72.40486270859095,161.84230995156489,264.28067574566774,0.37762145334053565,293.6184894083472,121.55163874343515,178
22.807020945346654,72.66960796762352,432.61677948409584,745.342836398337,0.6157379805571142,88.71447066482443,626.3450301752118,218
22.917323444312228,72.42073431964789,517.8146677653024,777.4448940088931,0.39269007664859024,75.66211130162871,947.3268137554588,276
23.109256749567468,72.61954346603095,750.4639770149242,478.445352452823,0.1353424728174871,97.46754235746604,256.9683404003496,15
23.007184211085033,72.51505309161747,691.0565362494472,157.2508419992948,0.34479874480992045,313.51445774267563,524.4845416755359,60
22.939238237267315,72.52271063980886,737.8890897062388,330.91118253468596,0.10574113906593162,294.95519943544446,182.27979263542437,53
22.948695717962533,72.54118340138095,107.5273136891714,648.2991975111605,0.980519308351171,155.1833564165349,663.1137210352174,167
22.80054145028619,72.64851697961984,295.9006596224824,325.54304652280285,0.9691724888377727,336.9983638305162,595.478512536603,25
22.919920211026096,72.53361998626751,695.5158595598708,115.26291372709156,0.45563976772507453,419.0303759250422,466.62897179154913,335
23.05858349665517,72.6930796202361,535.5904313617724,467.58868319614095,0.7555337689056814,68.71053193096719,569.2393193263671,64
23.18967777752654,72.56181095422956,104.78212810151135,683.8406386220261,0.41122548856938246,274.15847459661904,906.9171926221092,99
23.13882433079356,72.42734128012398,824.0451781886401,646.9447903576267,0.7039838413773785,360.1896854462106,276.66487207996033,73
22.809437985858214,72.71350393699365,795.5286159613037,181.34235509776494,0.8248870387413811,163.5403671813592,120.30806053481251,191
23.159424241869935,72.51430332983709,593.5772466942065,554.5734608093501,0.9520806202230166,188.49690738191708,875.4983962291909,170
23.11327936531945,72.5731067518397,159.81699319864492,215.37819757673532,0.4601910482647048,326.13705634522273,619.4053741491158,272
23.11215044942839,72.67417755328876,789.8635445793262,213.65565091412918,0.804968184660443,454.0708820496816,901.5926099156582,186
22.98319830360143,72.5329824628595,625.3422289582276,705.5538299788889,0.3393356055689069,414.4659891363047,637.2507010718554,22
22.9592021171818,72.42263426245869,803.7639794421633,237.2517145551726,0.9912990734142835,312.4085985948126,829.1449809637322,180
22.92116629153328,72.54956841880512,776.5722931562564,247.4355098885084,0.12319263888791604,378.5997729907621,486.70602701963315,326
22.826277943581747,72.77777943307773,822.7018647620534,50.490043070974664,0.6431759258510088,214.1701115935094,774.8739381594419,107
22.89129414539748,72.65669375891942,566.2072597641624,703.0017755941383,0.6935553834861944,338.434487644441,921.7373202008704,334
22.89864145399121,72.66859165946688,226.29206637416348,644.446109906851,0.719241001366716,259.78171600740063,614.9106673499856,161
22.99363082788408,72.65291286145505,704.0417260417198,520.4967013180085,0.20834882091018012,135.4712614059024,262.7066355061416,301
23.09897776263868,72.47959685558378,658.4264065467735,612.6993229541317,0.9446768051258174,365.7822232447657,341.91785352717835,205
22.98952393135918,72.56733354564092,768.0278684791784,164.03642556836886,0.26306495114507455,300.40908680696987,278.78011920766517,77
22.823137779778865,72.70037591934533,252.89290544566177,393.7426959406816,0.660478062915857,211.37971187911612,322.1713248361596,15
23.18311592039528,72.44054915902127,275.4776799102603,313.41454051158564,0.30040847121077646,460.10263553538385,375.77390441593275,326
23.177089727637643,72.51114111043589,901.3685654973956,120.33239469276236,0.37649477531914377,59.42035302202997,599.6204080778696,95
23.114075817259362,72.51052764338634,774.9800186068637,414.5978639111931,0.5918126875553119,192.0979180622732,629.1924665174495,146
23.19653116062569,72.5728075710378,917.4056398302906,740.5547377569766,0.4754740767081188,75.59662899994095,483.84977251767504,1
23.017792933120106,72.79214749637687,782.8437890475286,80.04433928802086,0.24420304087885567,394.93729229973223,653.8787018387519,9
23.185107340101283,72.42700101867354,637.4397753912717,268.5956851203454,0.25384276217876345,365.94835435120666,173.41743305022933,124
22.8302420162467,72.60748039775224,688.7194633250863,205.6557021542776,0.47633030934651965,199.10849843134267,179.00941335234398,80
22.94627229930455,72.47174587280489,900.2151315460089,228.60999024927224,0.7815546804479506,354.04830599318285,254.6465143218926,139
22.890152507202707,72.78827061816389,620.9260790607465,731.3259139095314,0.9081681821630097,228.17175178817743,566.2697482363103,325
22.87833323365371,72.445321401891,669.1521918955486,401.0517906757176,0.17571489603344456,390.31420614009545,292.5952108284822,149
22.85632117955707,72.56144040094463,240.82904440324052,399.7245597048641,0.4537935168034609,254.38264823151772,354.9559631433196,287
23.048965456626398,72.69515399393384,526.5290981044925,620.4317318414618,0.19022100735058897,235.5258775242495,460.28155255569465,339
23.11252874229892,72.68182177121098,744.7574007622891,165.86915300369435,0.1149332325693381,470.62846196973544,830.6795116093418,128
23.031319359768144,72.56909145475757,343.84842848472886,415.44901557503806,0.6955468143795609,162.8955949508151,112.4759223215741,238
22.858785083835283,72.53860966718109,282.02876247208144,372.4889105907948,0.642204497769929,104.20130299845445,684.4409382129602,57
23.124449507973388,72.55904495142116,382.444127401974,497.6830179099921,0.2467172024333976,313.0444009667562,701.9888779366169,197
23.054381882865492,72.50571050526347,317.3505651935501,799.6682774378289,0.3104315497837577,486.1948155278805,818.7902023209729,210
22.955266282450797,72.48213317548273,293.4213733327563,627.0866705615354,0.12133697828006655,220.027646177234,939.4776451542818,44
23.069652118214425,72.59321587902356,482.36575858127827,348.3992772630704,0.8514524851249633,77.91654363295169,118.12406405436084,96
22.903961991697134,72.50741350242704,917.0546624951807,670.6647892055353,0.9772215364436964,202.68737028930536,238.40533496189457,278
22.938076883397684,72.5149846659589,556.3536820648465,178.03127248436013,0.22191358311522175,277.6692444438013,897.5541646503938,22
23.166994337252795,72.66270242538982,269.12834273379076,72.84776473172009,0.30832769238876834,122.86535298449617,512.6667059683139,334
22.916201802268567,72.78741493267995,169.27450244278668,203.33627934820478,0.8815685715522407,346.14599812542144,608.1315750401172,43
22.987995307263176,72.64145488022375,726.5405306241327,305.30866708569476,0.9338174181605663,498.9872250545903,696.7244833508327,26
23.156056454958406,72.43079178682599,444.51888799274906,432.9355680946699,0.47766464452612933,253.2827641916497,711.1599440460736,281
23.08308854010701,72.43023344554163,839.6478519268234,511.3468554058999,0.14556022504216673,209.6278505285957,938.5663629848574,96
22.824881290465882,72.78056928833823,693.5596917766932,732.9542879108163,0.13545265032353748,230.31687507550998,997.2544756705026,35
22.85892121771159,72.51891631612294,816.6173054872316,432.3905071628433,0.6165548794621094,101.8157802778405,748.1417148378462,108
22.803136636308768,72.43682679443299,344.7514354766039,425.95673346929703,0.45360559800386113,447.47312064180073,358.4990882846357,54
23.052368716091664,72.63961783486015,723.1230302149523,87.6822573672366,0.12578718481988907,236.6715449846084,891.7771620649092,191
22.97906937016417,72.64945951131611,337.6557862243469,76.18366449216785,0.6249271530813011,224.27348514117858,144.29882308668545,218
22.85370994036091,72.65940192804747,945.1616315052624,463.36997143727905,0.11017228293012023,346.86062281871347,307.9727675870466,184
23.183173648422706,72.50696081114302,672.7368533800369,378.6339599362584,0.8086347623343456,248.91503941900558,907.6471457173434,68
23.011863889578247,72.4060442736858,392.0606201578079,679.385296235224,0.3757895404330345,341.70506096353074,330.57236299541944,316
22.896757317645157,72.78600614778179,342.5606760630454,170.5096885338839,0.1362322027083089,77.65083055885438,298.58595365957365,129
23.000241428461884,72.50035721827645,271.83392656447916,68.7287465877872,0.629516998884838,416.17550467500234,224.31276382622252,54
23.071848133094043,72.67041051522102,725.176863004355,386.7790759475944,0.4579159729897493,473.22677879573115,873.2005818822248,96
22.830495687189426,72.68265194795148,296.84405169813454,228.10891756419312,0.9764203720214345,341.9444237717237,550.0524332719781,335
22.909881526019156,72.64400296683179,635.7729393347402,87.21078000412808,0.589778796253332,479.55466798646484,707.4038827487393,86
23.122786196353598,72.52516295768547,338.17152423282164,593.4487151357217,0.34771526293330746,118.14454146648349,315.1597456675267,293
22.983865948161064,72.50843850150562,695.7720503144817,133.6947499679356,0.7384949781705773,264.83728526615914,782.2363789100948,118
23.01863085681292,72.63906731308109,833.4457556864853,506.23962500582877,0.3443428022884402,320.81303027545124,784.0049904658887,207
22.97312640088379,72.74643825344468,800.2227188301879,260.78731262516686,0.9138189622668086,311.781491339534,381.3382224174701,333
22.817559977057204,72.77869349156936,784.7661978377035,180.12203776626652,0.43724977345663885,230.65780059006946,469.61436970925456,153
22.866299911928063,72.44236232176151,268.95016512302686,334.8136421894881,0.5948817064985847,202.13798421481764,288.7212496871808,34
22.978216655496755,72.4619314450391,179.54645228606682,651.0843321672153,0.14551579344180599,107.07081014768846,978.9049209906138,78
22.883674186163173,72.77789450351322,729.0539456386471,344.07018267842955,0.4835091141570077,226.2841027530252,681.0423193525704,66
22.819991611463873,72.69461409133392,431.5124924149162,613.0772369082918,0.8491271856948954,123.1973667974683,941.0894926439639,342
23.13745986562073,72.75319752993191,489.11160376301257,144.114722599363,0.8250839248270078,380.4645544214983,373.04698926621984,33
23.192477011665645,72.48105305365414,128.03418351405196,629.5785647488093,0.30188670296817366,143.9739209725655,803.7018216972008,96
23.117257149598696,72.63503434844377,333.61880434754426,227.69999367998648,0.30347116390950646,76.35438737804023,789.2727794962678,168
23.141513968681867,72.68045583776698,130.30876348701761,558.0448474166546,0.8355747809919131,298.56476201775547,722.4900866798874,168
22.89679085212682,72.67204475417878,891.2671953411228,474.33616613074724,0.937358578152393,317.8533797237307,969.0750777401204,150
23.18425079020528,72.56326067634669,319.0570148966774,746.8585379087655,0.1858248291457032,442.3608775762275,454.19980249568397,70
22.87877028178137,72.40615795667652,601.6034526157073,340.49188848148555,0.5050527754836027,309.64172558795684,217.64559123078158,2
23.180571924144733,72.6331704227217,135.08138859501736,99.62389162583034,0.4037088510678061,205.4663841755506,704.5379733196547,313
23.19792771758638,72.50124061567185,700.1626521750923,64.36661416343968,0.8836196099116954,411.35534668684426,756.3788204294856,31
23.084689122298418,72.58010169845716,390.7246111786845,670.1439207295648,0.1751724232120169,293.12550193433947,617.5545161129332,286
23.192457492716727,72.78303240603353,908.1272682618992,443.5517282460741,0.2900133483022337,85.67612808403629,286.13610382005663,81
23.027815911826842,72.55961412705697,899.3063700406323,631.433038876212,0.7772215038278449,304.632752140961,554.0103475024198,42
22.903816713270437,72.73592064266577,392.761556525573,225.81920000863602,0.14616446408309403,458.60834543974806,380.97076291221646,104
22.974798354266248,72.4754162422997,910.8648061214211,308.8128091349253,0.5432818426428604,228.34068147419924,484.7198753500202,0
23.037424374151513,72.66898419921002,996.5419061489009,72.5779041584892,0.49789633121174803,183.34661085491004,680.6967182601975,60
22.829232624810807,72.79080278177557,842.8740977115533,771.1192434305841,0.40096106108987384,114.56125565810902,770.6932684217511,269
23.0489373058469,72.44075724034919,860.384212979706,550.90093002561,0.45511508378703147,118.15048487091079,309.0022218112088,179
23.192471134704917,72.40332797689088,324.1078624981809,749.9038158194796,0.5769465282372097,244.7471679538185,464.792824582258,223
22.876043059913492,72.57343311705304,619.0321589719807,249.12230557180425,0.2452306225495448,318.0559208726883,342.2454138924663,5
23.117038046515354,72.43705019322056,160.53032257063109,508.59770841924563,0.6147962904552335,86.27693232632079,278.76845247568224,102
23.163159517511847,72.69935373987049,185.42614313950276,558.8749762194784,0.8248890963699876,472.8058650613246,805.0484979962546,9
23.177480637128088,72.76581946553942,999.0033508299615,288.16227519319136,0.7841448368111431,389.8101278503382,918.3274249932932,70
23.18405424176218,72.5736083890835,393.97532448331987,686.0819262617225,0.23850991422439632,313.9807632276482,433.208967116119,89
23.008583855488588,72.50348465686218,773.3655208439617,760.3710971751859,0.23432452276732652,422.7974019225459,776.1510319363902,225
23.1909231631966,72.57376132760264,825.9985477241348,713.6413382720033,0.34135693097042197,86.08404056545098,907.29576042797,157
23.102924082853775,72.68937912714,872.2209439065062,604.3002319545294,0.42496725370693356,264.57749497990596,861.5117894772084,227
22.864668574494786,72.40362166463215,997.8654676619409,258.0985097937155,0.46761002326763434,333.54190708774854,264.5320496853033,125
22.990760042587187,72.63578159579387,317.34683673118104,261.2120315792238,0.7117274951500108,422.89380775323013,960.6626933620252,208
23.0873324701488,72.64531667395495,136.31574417372974,772.5202403345285,0.15101238894925187,402.5613020221705,439.0087963865162,96
22.898936126327634,72.65507529875838,470.07236619512736,57.71337195176902,0.13120543380345975,174.68116237102984,405.3165950564527,73
23.056246073419555,72.49680883199235,217.07260284605223,587.0374799316083,0.4527195066495181,473.3960763016419,156.1881945500023,114
23.066640191618646,72.68562108935124,120.18330024584961,579.6846219164466,0.7274473229241825,105.95562864389166,537.5562886943947,190
22.865079897523426,72.43655659453272,424.3841444273375,517.0171557123481,0.2740918086608343,443.81012837951846,198.11225407683582,169
23.026034124981102,72.47970813458673,805.3644259677128,792.5816345651493,0.6773540331306265,486.92311232207834,323.6858388346834,306
23.10865076439144,72.75098801866179,609.5626221025638,283.90957682279395,0.33384532414626955,129.71908545018152,385.24835959055326,203
22.999558265814375,72.69548926029063,381.50019028931865,304.9788978449361,0.8974774979321647,374.92972889170335,827.9436911425156,55
22.804841246710442,72.40549822160455,688.9078049434478,109.20455220991667,0.9061209498399548,68.12848345009931,887.9397853563069,207
22.803615387631716,72.49935050414793,308.81636227792967,382.09860240780307,0.3675584838531939,232.44027131261973,372.2196857153227,40
22.942811737588006,72.48576259319726,112.94330146487653,245.78639467613607,0.30699437856691647,282.3274846389533,872.8283091201165,31
23.170477627372712,72.50832253121479,787.9180477927846,307.54002663323314,0.4701735748596082,311.29035165933533,871.507843632812,14
22.891470711841443,72.49902390811195,661.3687763776081,675.9288426917208,0.3164784266621339,471.1717617118518,788.1858553463861,61
23.053745475548673,72.42501051829714,786.072362050864,751.6133851456218,0.7051454589625332,352.5128092823876,232.02560261366338,154
22.888830348277327,72.58357620663872,135.04421501889905,189.29980400388922,0.843458216093457,266.5750780486567,721.290562210656,283
22.92866799586382,72.69309338991447,853.407665047587,329.3816986650994,0.7057829178200953,414.3537663196502,950.5216581225119,208
23.139216835840593,72.64269268988697,657.573580032673,746.4729215865456,0.8419154025244145,477.739769429484,714.2864308904414,319
23.091544576907978,72.66914866743923,607.0558156413761,96.35634551691697,0.45729294598672676,59.92976690703088,398.4551641970506,186
22.838159710925286,72.4324596714145,662.1526433030784,119.27039608353388,0.2406852736379748,492.1345725152174,550.5213856877481,129
22.971480808394574,72.78059628407071,877.9899221815277,172.09324190467203,0.7641558526578329,88.75946257865616,681.1525390159483,126
22.811667905458105,72.73539673353721,628.2428559030163,496.40962559515606,0.4244270546273985,416.47405067094263,559.5133678556532,291
22.992356058641203,72.72203612739827,622.8553418993614,162.8542032544981,0.7041437427062193,176.1506386481356,207.95764755787283,113
23.06497360468043,72.7291935220167,991.6112413591892,776.0572860880501,0.3435795477835891,109.48084598924228,380.85764018681857,198
22.84740104943926,72.7730842032531,781.0571503617111,385.03589544389024,0.1731066713260054,247.93503787122572,822.1564274982693,12
22.915553975563668,72.61770158644548,498.06442490602177,426.13847026262476,0.993323615938987,339.78046075142606,875.2762414859657,270
22.959134650200863,72.48011280714705,736.6573000296349,234.99396185405487,0.24058135713753936,221.42833026056377,223.5700294440132,88
23.16781240986242,72.64671344314101,450.3074245226096,403.2201893260501,0.9895788945671329,74.55443372721453,957.1480771588522,214
23.197302006169185,72.69715259746718,305.9879162351491,546.4352244777587,0.9795519393098026,319.75751284642246,395.9403560637484,277
22.817964519598245,72.69516695734161,637.1666891989835,613.3828527155321,0.8144362935172357,456.08147424980365,696.0823648576479,202
23.104403169398157,72.60857960966675,935.3638883025563,615.4010620324348,0.6934806658737979,222.44691467626328,776.6426313610131,73
22.948689626560938,72.42738348773344,936.2255680139165,483.41833452056625,0.6200263452259762,147.34974993387215,830.751611174095,24
22.956983274491794,72.54844517537205,407.71475029494127,728.2698312453929,0.8794913908400512,249.15980566976694,951.1747320033371,100
23.101705989338807,72.76830664338534,574.9097195995255,663.055885479582,0.36049556945753913,71.7632199719514,381.62759322594036,175
23.167370572858164,72.63377956390298,290.4723087128751,617.7860860239691,0.5209130912363894,419.21941301612367,872.655809096399,116
23.180371437801018,72.61533277730229,996.0679985489951,91.70414126034547,0.6574509724298517,421.85336492758404,218.51821309258634,165
23.03084903441533,72.50754140575287,983.0061170811422,55.158471664736986,0.470071428282542,314.60020854333277,734.5368157182335,40
22.9428484637202,72.54737956796663,684.5580367367025,209.3354578966047,0.48473780868124117,208.89630002227526,767.7799565625872,343
23.11501963434351,72.75813843566127,823.972653709726,547.6426954350892,0.39725620075187595,409.9025140006025,709.9509170811884,119
22.90040055330492,72.66658521901073,743.59014515533,358.39811666190934,0.6078086350160824,299.6091611547652,327.0832625216377,96
23.025629611533407,72.71495481070093,633.8423971355214,351.8046944744838,0.8655170752136044,421.6695388475073,885.738832313683,144
22.943431384609948,72.58173816922707,148.01319729000792,713.4401661722103,0.28137554020568156,334.1564566623593,251.9726170333555,215
23.06265242948315,72.65209888778246,509.28790829739495,721.672136098879,0.9409897348780972,402.9824629457588,148.27131236874777,228
22.896159565157404,72.49935344349728,707.3076719506695,731.8814480401893,0.7201788883734067,319.353346947992,745.718491550721,312
22.87663717829393,72.6821843321134,709.7784524953162,285.40855738627045,0.8409458914120271,236.3634806970498,527.9281437094603,129
23.167295634670175,72.57104053348134,435.81035658014525,568.2918595544463,0.6005716233670104,481.0756369667619,864.1882179628085,351
22.840721473179816,72.5770182059259,947.5227879922274,253.72488595577724,0.8015650312816571,293.5012211954801,445.05742695243305,317
23.002383163093974,72.65972892983075,250.6213290131029,192.95737480583733,0.11458035760552049,322.29028334324227,251.45072965694155,136
22.888341113185206,72.77451224858757,550.3235015940045,188.47434301052692,0.8365423823015817,149.21943773663716,852.7979732228828,323
22.81557198533027,72.42560253864346,721.7955788957405,306.5807156476955,0.13612497317682987,331.5428552422744,594.0186684760645,336
22.814407527316572,72.72989729493881,727.4222253026284,372.4682148348663,0.9009220387265763,307.22344226732474,270.27621315131944,272
22.87008870884233,72.51695324416488,683.775061091934,673.2118782913013,0.992766472514779,133.17727907616123,748.3455987278012,116
23.1467081418024,72.57756778180256,347.7593921066741,139.91832010453408,0.3646607159591001,76.81419380891467,560.0022746405505,305
22.91299149759081,72.40876533151001,240.58591181795978,601.1943855461707,0.2892867006572143,321.961693871647,643.8816840162879,93
23.180183668230118,72.52041843113373,672.3462941440398,448.591185641979,0.7888270274722367,393.6615212076442,514.8085043859237,167
23.032648917195676,72.60105249705205,639.371904525494,265.9590070069944,0.32772370682822793,285.5306169149037,845.8380854362058,202
22.974645675907507,72.42247043093899,261.4204092603169,419.61468839961844,0.8790061448549831,152.04768139384055,846.6064441147448,340
23.03203553386778,72.59643829175327,734.625231013507,274.956552332767,0.19255833294172903,349.9348895118657,738.4499396419476,148
23.006679354090508,72.77084425154337,509.6547925602908,497.0614664287295,0.21335967674142242,86.047576974321,194.86123965681605,182
23.103510501502928,72.44215728724312,700.9845324428377,375.38294214143315,0.981236399590554,248.82516716087957,854.968475713662,151
22.91299842638914,72.7057762912302,853.6303717931356,173.30414680915905,0.7064550084430041,123.51504127928908,703.9116824796188,73
22.94122015664012,72.56386842135039,252.75558571923085,137.43730591677254,0.8621985019860575,133.0065729769475,727.3217494038696,273
23.157637721013298,72.66206948580974,117.23038119715301,460.0217615540976,0.3918964396163662,141.03227712119164,426.6845563634845,41
23.17858260526016,72.5040946391941,801.1923277562081,726.8097749645776,0.708835374568544,224.01817566979005,891.3516005413061,211
23.15702329099459,72.46379690501655,648.7276826373543,307.96826491826414,0.6348176445777375,73.01759252917893,752.8344402113718,100
22.967779197582924,72.46418504570849,729.6756126599096,599.7500804169674,0.6428351081106523,229.00704841809417,201.33141987627502,44
23.11214620120275,72.42819677825726,854.3394774897783,543.9960162048252,0.7142792135839494,280.26835120161536,467.0002309655464,81
22.99053429332044,72.4742586819605,822.5298413420504,748.6661857321108,0.6178232558161887,267.48242823484634,897.7423257641275,16
22.999015940858442,72.66568775399558,964.8281322359422,665.7357629743557,0.4861561323723994,222.25284518136826,142.4770315276411,72
22.881872043622913,72.7526762447374,582.3415709669064,474.9539441790972,0.34833042494249217,427.61597363183864,965.2749576778446,13
23.036452121303405,72.72565027423646,539.6460693939148,542.7728736755805,0.7917231978218818,115.39701158922685,711.2463114876065,156
22.87445435910134,72.6740537239498,461.69847990165704,723.7898499380261,0.3036451870028676,277.5635347016183,668.2383798790389,222
22.932625879626876,72.44417274536444,238.3219385597841,349.6390884402011,0.7231188755389728,77.91863763044944,343.50333083919224,131
23.142012080647973,72.51567497851838,615.3465095938202,295.096029393333,0.309999540384394,82.02005549505938,323.91260986525936,337
22.882830323684342,72.52392275012899,349.3112718933809,58.10831272639726,0.6627971529590085,308.23963235469336,947.8523975397359,46
22.828463314069374,72.49998277855906,929.176760991678,669.9133056435982,0.772370440416126,304.7082911995194,368.4452088107105,106
22.827603037045126,72.6060022638839,624.8717238493878,650.7355253025237,0.2968425000158853,445.11508078000566,797.9547670470994,107
23.176313808201243,72.61422152595188,633.5561624572991,128.34088857511352,0.15394897077517747,301.04315404703294,453.80961838637126,264
23.002768175184734,72.54275439006845,419.432194789309,482.6430358495252,0.21787636869475668,481.9059591821826,225.32866370623358,204
22.96376482872681,72.54151566349458,146.79041677993675,397.98627362516555,0.6453972705439229,71.9126817799684,109.64376792582306,78
23.124351432403166,72.73142223916243,128.56938883568975,139.0318216318336,0.8645017656031619,94.10345815133348,589.8316033137257,154
23.134330371164207,72.71571713932788,481.00162973787775,785.4261702955426,0.14049713911188194,69.82963770667163,978.2009366940395,270
22.93287641324624,72.5231183326723,176.10884028751406,211.02191559751657,0.7607361331374816,133.374582650093,432.222574428284,246
23.07744722298952,72.7655153775493,646.1622599861253,100.42563506792087,0.40718678135504693,293.57154992375513,421.47310059374036,18
23.108449126340755,72.781126006801,892.8757050756917,496.13553462643216,0.5306755329275703,340.5074816423426,409.6824560644979,345
23.061860274746383,72.53069701681201,894.62333486685,604.1500078497745,0.9359735948610091,70.51332107690095,568.4894535743726,25
22.86063802992004,72.54176997951723,693.1408691190092,74.33258453539023,0.39877435426226093,475.6869004305197,496.59839508186417,216
23.150353233406822,72.60225366136879,290.1086483256379,544.0382290452667,0.5188032405455375,428.9744194926715,891.923164054313,153
23.015637821094405,72.77644832501346,876.6971482229849,449.2189069635908,0.112314173284613,183.4756169706919,554.9687125511413,153
22.912988970548003,72.75052777325692,897.4840917818874,127.4487566562863,0.17343884800435455,84.73438860191058,556.9820543697119,173
22.97009127417508,72.44102718503343,276.98822645766285,179.39290770977155,0.33273243202130565,126.44918294857577,224.53443524850093,91
22.815028436159565,72.55709229730857,763.6834771936095,475.9807229870604,0.12506701673896697,107.12498618973771,984.4655868193473,337
22.851146720488966,72.62134847589991,357.8675940344107,272.2682101349663,0.6682377934434258,105.47770068452608,324.9756017819467,180
23.106218700206345,72.60125298902062,822.3762811176367,753.736796488487,0.48375852112146034,283.3527598995803,166.0276607136424,130
22.800004653902146,72.47754522717476,997.5141099132425,664.0551721130381,0.5933306824552198,160.63134912203014,696.8316240776879,297
22.966626331392916,72.74352670846726,127.02340479645353,787.6754048852473,0.2571824673066966,211.162872438115,635.8297331411854,274
23.009004072434234,72.67077631319873,907.6292792118387,244.75312921281048,0.3663388264929546,495.27740002294513,473.63108859347113,272
22.82185376800039,72.73516334994072,660.3674802387923,777.2927245984828,0.6974420273674526,357.94141201640514,479.97301049261023,75
23.189231265188933,72.74350571173979,976.044357248339,373.4254023436684,0.9687724512673598,477.0413001711506,806.5575289417881,176
22.89045013249987,72.69934234146629,518.5085657737848,310.639096485316,0.1453750962419883,114.15044976490202,276.1413760896842,183
22.92167948785451,72.57568424049988,862.6491375142364,87.76214522701494,0.9013458887697394,221.96276367465617,838.2279870504008,318
22.921577004902012,72.64421870200617,156.1546617384495,89.57394339470196,0.6191930811800876,299.62931147705945,683.8724025055163,130
22.89216666484694,72.4641461624479,401.7511450704662,569.008441959991,0.6075276100800613,84.54112784993211,477.07279640157196,48
22.800589528834525,72.66945816698997,160.31488397608896,393.4467458255209,0.5502506816869843,51.88434963258104,512.2257549254817,54
23.0917379176352,72.47170130229571,977.8088201311634,219.89121952707927,0.16245467731376506,351.6954502086129,330.9824864674862,153
23.186738199919713,72.67757983620406,835.2765165446531,510.4777297439245,0.1808891665625446,338.8187825606459,776.9028994272774,354
22.88971739331402,72.49183926430159,867.2926791213735,239.6435886875834,0.6408208050931775,234.8549644998253,561.5872680747409,199
23.065218876721367,72.4470205200601,944.1687082905048,483.22381575831696,0.4068627142920025,270.3398342144147,388.76908847485925,307
23.096758530783486,72.46611379605719,176.59313750780683,319.40656023701774,0.9255412599199127,236.94935026644032,636.4451041848553,355
23.13937015163621,72.40079685408763,447.03783326200005,667.6641699588642,0.4659314836235251,60.80227018019998,996.1610068461907,117
22.969051678805442,72.6874958471414,163.93140013960192,665.5221205750845,0.228953312832377,200.9172227978581,491.7360516908985,262
22.921172362256172,72.69296041962335,289.71379139502574,408.012798591801,0.7432469501518324,129.68701492878043,928.6222607007576,45
22.930118053609213,72.6059733399653,306.4291993339051,313.1143320012617,0.3640180792969089,94.29088509561593,410.5151559321095,301
23.085048533239405,72.46454512042216,522.1964899428208,321.9198474193209,0.5729232766203038,480.5241952502074,149.2594362324873,355
23.126711786602254,72.43342173500429,341.70595070827835,654.2858942511634,0.728049506954653,319.71187626897455,283.81789573158596,188
22.872645587102642,72.40765158657491,190.88029613598496,296.134612098209,0.9102377000818633,377.8953279064712,476.8256289949158,309
22.948376403263108,72.4662992707861,250.74198018469693,206.79453028013452,0.8129720753215085,191.91368446975287,297.67143573511214,317
23.16077607869966,72.75634221399325,232.54800719688183,113.51625640648012,0.7087249610854517,226.91620827230685,100.20433439642999,128
23.122677407877894,72.49661473668067,975.7691181210685,400.0198406633063,0.7116698641556293,156.61579725352556,923.5013839727745,48
23.19394336110499,72.5417085308869,783.3632562266263,411.59907418988143,0.9513321796288778,93.63455193444113,859.4914701078361,24
23.10169930387283,72.44213819379254,970.9853187426057,680.6815328021804,0.3662416877468825,130.5642368487127,768.0630083382524,265
22.957278080411168,72.48894452189927,495.7664378571177,215.929022334548,0.10100088477656867,408.88132038341865,251.03313608142577,117
23.036255133597855,72.60768982831209,350.5316334963909,335.7434552512999,0.3447591034583788,354.8956123326991,208.32721858898745,143
23.064405701698927,72.64310107323826,818.463877488268,656.3043041702682,0.2961022416640696,296.1179941934646,160.84427452514484,199
22.83138232652685,72.49814092566649,393.62852623703213,667.7177080617301,0.6956511266025983,263.79044279004563,751.6262698956291,156
23.017798783641545,72.42309286369006,369.44503633481344,338.45830698407616,0.6703404397889762,465.095427645256,935.9271646190967,347
23.083728331389043,72.55641314765096,309.2553929870481,394.3430174650107,0.6341152444342514,82.73072650040078,487.4822388217333,133
22.866928521600425,72.49368134837054,216.7110804018118,277.4644181369622,0.11461909888850834,176.27036595706218,207.22660479644335,147
23.112252686970223,72.48782156929192,330.8167549150894,749.416158814484,0.7559002490055827,207.47203410682133,561.153538658896,335
23.033509112205646,72.78394512108538,419.7877736264989,138.98282430618525,0.3911773712369424,402.0916154957545,413.9487167127671,70
23.180888714279035,72.6465201943703,706.5947873311574,750.3120672511025,0.698550390105968,496.6315790728871,437.3424319149979,232
22.816968919282758,72.62275137726884,156.30835799750642,562.8998388765074,0.600920585651938,158.30173164071888,659.1975617401365,333
22.906130455022186,72.56631004140934,289.45624569880863,448.6791145150484,0.4084578328851165,443.4383003616863,746.8463019359822,298
23.04062155171993,72.57157773337207,828.1212762625088,74.4942955883719,0.221118640393697,423.7802421943061,199.54323898584477,153
22.91862396488237,72.61636200153524,232.2297312253937,406.6971438665062,0.18497700789443286,151.09582893879497,132.03120772582875,89
23.085769665628497,72.67857192281444,408.3806318702694,355.81107875204924,0.8483664998010012,229.69966108965016,994.8972724171434,333
23.103602113008773,72.68085843847273,878.193029672326,170.9141089813419,0.9265577878734021,234.3527911816336,309.45551402399667,198
22.84100638562659,72.46867756308218,239.43278002909838,542.3072026254927,0.6848092420878696,490.19930083695124,148.44747241761317,160
23.005541785682706,72.60004510083066,174.46315205637092,778.3631805262144,0.19309070337443504,131.40135562050426,270.887796186328,25
23.003556222236423,72.56478323801365,536.0841955720098,471.64160829839386,0.4618244951994167,409.6210869971519,135.0620617136178,120
22.947712308086217,72.74821078650776,372.1775601506828,586.0649573329594,0.7560452800946414,200.38672137789948,452.6298051554545,300
23.17316994502787,72.65256756848736,607.0675280354687,101.3378394245126,0.8018387956090612,378.89165559927216,822.1616060061918,211
23.13100252794929,72.61300162656639,823.4244014351276,363.25024686274605,0.20639676006197974,239.0049519330483,407.1200047819486,62
23.078883752763854,72.44615785687157,223.43363933746883,137.2688638733719,0.10002764696084418,310.26189340244304,499.7650661905299,67
23.085730654294,72.64225515572936,622.6291760988565,509.5968766523828,0.7409233412925444,424.675297996759,708.0280962106949,252
22.984686457525246,72.4468815622721,554.9578843508775,753.8616186606159,0.42093655838758504,411.8745042427479,558.0046630628922,1
23.16839780843863,72.5348826302263,229.6709074118796,546.3332993537289,0.32903319845643425,439.89043259286507,875.3011174191918,107
23.077838170901313,72.45713678592574,661.5986369760842,107.60228623581614,0.1116077228105729,76.82779640509656,879.4321075411808,285
23.091592424662327,72.67682945880975,346.27637607469444,315.9996537388121,0.5862694660853497,361.42274886788516,108.91962594203828,48
23.14467636151494,72.48250084553446,539.0508866896112,462.99753458063867,0.8660356618833835,112.9943195247933,800.2416758348793,139
22.909628635736876,72.55674374927521,174.04509184935569,352.40581709993916,0.9618684816453291,237.11835560828496,514.6602402175065,217
23.12282836154668,72.7582699110475,513.6256514922608,675.2330078563792,0.6091704555519603,296.8647867746098,989.9564871732968,43
22.878096241182597,72.4817265533596,375.8171212385383,661.003253532492,0.5630151949659048,231.23276813607384,534.9088682878917,268
22.938136780897956,72.60312202558352,840.1430900668189,508.8732650774161,0.176550746940317,283.8252541113534,988.2063508494678,77
22.93424418170794,72.56770866446641,151.28085429763144,330.09345884952893,0.5939855213883398,498.43683895937863,779.112425085163,215
23.191410187355654,72.4072496164183,476.74654742649693,241.5022803224331,0.44198117106885515,110.84779117078463,323.7443961519757,97
23.14261488949917,72.71710324542913,512.5882817182942,129.40573865984697,0.6464217527952192,353.9552204013915,584.5554813582619,235
23.080467944636105,72.42761836252585,752.5054686692068,316.17326261491553,0.449853713088892,228.20043487352686,992.9220755307244,281
23.090822704646154,72.58970200839079,616.8588175811899,359.87938790578966,0.3162692111053301,109.85440950829795,871.7775469767313,148
23.02482911776103,72.62427131797558,700.4911034747629,556.8671938280552,0.18546874770553884,121.43154351843928,187.63020441209898,303
23.17883626684341,72.65137058264584,799.3443570865805,543.6198682231801,0.3834266001300062,477.1728978105276,735.7347971289964,65
22.998503501152946,72.67545265172315,875.9826762923699,102.58110473094271,0.18698035085897707,445.8206735202929,411.02162728373173,233
22.952207083947957,72.5013089534091,382.48794705022345,346.44448657336835,0.25920725574158554,458.16888218675984,106.28403569231331,86
22.865214134772636,72.40399151066339,584.2204348275127,186.33415041302143,0.9886025427215913,496.1897491223239,463.13287212429964,78
23.114482260904424,72.68937746494197,856.0972705952798,167.60952898760428,0.49969320121595673,143.74192550383307,311.2789795524742,204
23.093777572830238,72.61426263973904,990.5060178685508,670.4766123029344,0.5786845898545149,209.9477018138278,836.9823434684243,278
22.953742015409656,72.7344470812829,900.5673799393868,81.43641253719315,0.8862566758634938,351.14856346619,403.5975479611889,336
22.81007736558369,72.72855534516027,434.3205363619391,364.387156926591,0.996012010441619,267.71114293729124,844.7713245584354,253
23.135598931087205,72.73733046711516,275.64986549678537,176.15274182488864,0.6244430044102134,238.27529002025008,100.53814495131577,303
22.80456719338163,72.59403786399182,540.4532836659298,709.4976617588555,0.8312264389397545,211.01506220101686,377.0372350235072,129
23.08147991185162,72.53345135833474,767.4773066524381,467.78038495627635,0.3942469219030078,317.2012843745535,317.04869287698574,83
23.188102843890423,72.71662328103655,543.3121636779679,223.535477282636,0.375169561702562,309.0170428880369,310.2106249617499,275
22.97506453125928,72.5805176452117,534.8627769823016,426.8204653747823,0.46243334889510423,122.65602532890803,161.36795778891644,186
22.893989361998383,72.47337687856138,854.4073789736206,598.6147697773368,0.7052565364062842,262.2829268832976,268.41184336945156,45
23.081948404017353,72.74198960782459,425.2634011604677,768.5885066895753,0.7139725203295889,299.0622992944325,599.9946128970579,182
23.126851256806233,72.75302395070894,873.815207330481,215.3345031840642,0.38371549118450576,306.6291224291257,362.22496555397004,267
23.01857212643114,72.58652390245607,466.1243208565512,714.6363290970088,0.2198889317229658,144.5482368105583,475.6553040962332,295
23.186814110102457,72.43027989092391,395.40979511050546,750.7280856256177,0.6691566308189577,384.02212651352903,439.18019231246967,321
22.820667488663187,72.55513043596677,508.59092007972913,737.3154083990497,0.21549327596988807,61.339592669481334,888.3144324999051,99
23.00191823932181,72.72141506378505,786.2022628073817,526.5607676464324,0.620643257406397,209.6743349944232,914.7690991094639,77
23.08738157892902,72.76070961141849,213.40182507759485,522.3654908260307,0.724079915250678,401.0956918410351,543.6612744902741,271
23.14505618845967,72.48138909699904,276.77729428481564,352.40797488786706,0.7305503467550065,303.75181447493105,397.14035528404395,338
22.871702244763117,72.42678944481011,956.3003430967827,614.298411727841,0.7781248995936371,167.5230946298871,196.12063360212727,161
23.120001392705472,72.75094018125313,257.9424646432216,448.47051376319894,0.885573479409098,362.7289037043715,958.0625914438855,43
23.02108283028742,72.55576197559155,610.954586137949,558.0785534212209,0.5499630927683096,305.32592487023305,154.20425041026772,237
22.958621472795986,72.61670438570702,621.3830199957441,371.3434278865966,0.757224270576614,408.3096242553742,367.8852498114524,133
22.852686011431636,72.7872263248203,540.6620158452204,598.6223480323542,0.6572554618292531,380.7613337854205,368.2595810530037,191
23.146118303563565,72.4266258911657,680.2707237191368,668.3536382034118,0.2679759458179143,324.54856491630557,388.36115752619344,355
22.862909283271886,72.65932720298083,306.8440532178566,159.8271924521121,0.12312068038246736,269.6799538898663,247.85815894516836,277
22.92391514368364,72.42964216902995,597.3960409990734,674.697286680671,0.35608724710924045,109.93195655038554,804.8452878313275,17
22.916018212784977,72.5501875713866,434.95592972220743,455.2223988427304,0.4987303357038575,167.59985804842267,210.2480757693903,11
